[
  {
    "id": "0e1a6b30-c84f-4c1e-ada3-6b68e447f27b",
    "data": [
      {
        "text": "ఇక్కడికి స్వాగతం",
        "userDefined": false
      }
    ],
    "isTemplate": false,
    "count": 0,
    "lang": "te",
    "updated": 0
  },
  {
    "id": "600d7c54-f147-4c61-a514-fafdd47921e3",
    "data": [
      {
        "text": "స్వాగతం",
        "userDefined": false
      }
    ],
    "isTemplate": false,
    "count": 0,
    "lang": "te",
    "updated": 0
  },
  {
    "id": "9d03e0e7-6bf7-4007-979c-4235aee3a4e6",
    "data": [
      {
        "text": "మీరు ఆహ్వానితులు",
        "userDefined": false
      }
    ],
    "isTemplate": false,
    "count": 0,
    "lang": "te",
    "updated": 0
  },
  {
    "id": "8f191f6f-b79c-4010-aae9-9552c2ffebbb",
    "data": [
      {
        "text": "అది మా అదృష్టం",
        "userDefined": false
      }
    ],
    "isTemplate": false,
    "count": 0,
    "lang": "te",
    "updated": 0
  },
  {
    "id": "eb58b4f9-a381-4112-90ff-9c8af541b0e7",
    "data": [
      {
        "text": "తప్పకుండా రండి",
        "userDefined": false
      }
    ],
    "isTemplate": false,
    "count": 0,
    "lang": "te",
    "updated": 0
  },
  {
    "id": "a7fa4e30-4501-494e-96a3-7a99bc6c6fb5",
    "data": [
      {
        "text": "నాకు సంతోషంగా ఉంది",
        "userDefined": false
      }
    ],
    "isTemplate": false,
    "count": 0,
    "lang": "te",
    "updated": 0
  },
  {
    "id": "c4dbd60c-bdf8-48bc-a1c5-bf82508e4f84",
    "data": [
      {
        "text": "మీకు స్వాగతం",
        "userDefined": false
      }
    ],
    "isTemplate": false,
    "count": 0,
    "lang": "te",
    "updated": 0
  }
]