[
  {
    "id": "e0f232ff-8a4c-416d-bd4e-9162640b43dc",
    "data": [
      {
        "text": "Is your office open on Sundays?",
        "userDefined": false
      }
    ],
    "isTemplate": false,
    "count": 0,
    "lang": "en",
    "updated": 0
  },
  {
    "id": "41079376-dacd-4484-8bc7-5b400fed3485",
    "data": [
      {
        "text": "Tell me your working hours.",
        "userDefined": false
      }
    ],
    "isTemplate": false,
    "count": 0,
    "lang": "en",
    "updated": 0
  },
  {
    "id": "a6793d8d-5e2d-4fca-8c7d-5412348c2550",
    "data": [
      {
        "text": "Can I visit in the evening?",
        "userDefined": false
      }
    ],
    "isTemplate": false,
    "count": 0,
    "lang": "en",
    "updated": 0
  },
  {
    "id": "9fb65995-34a0-464b-bca5-4d7ee6524160",
    "data": [
      {
        "text": "What time do you close ",
        "userDefined": false
      },
      {
        "text": "today",
        "meta": "@sys.date-time",
        "alias": "date-time",
        "userDefined": false
      },
      {
        "text": "?",
        "userDefined": false
      }
    ],
    "isTemplate": false,
    "count": 0,
    "lang": "en",
    "updated": 0
  },
  {
    "id": "b4666c0d-d813-48b3-be66-4f0d48c86a0f",
    "data": [
      {
        "text": "Are you open on weekends?",
        "userDefined": false
      }
    ],
    "isTemplate": false,
    "count": 0,
    "lang": "en",
    "updated": 0
  },
  {
    "id": "3e21bf33-43a1-4b25-a5fa-361610b81141",
    "data": [
      {
        "text": "When do you open?",
        "userDefined": false
      }
    ],
    "isTemplate": false,
    "count": 0,
    "lang": "en",
    "updated": 0
  },
  {
    "id": "d7bb2c42-89dd-4b27-b23e-7be9a1cb1ddf",
    "data": [
      {
        "text": "What are your business hours?",
        "userDefined": false
      }
    ],
    "isTemplate": false,
    "count": 1,
    "lang": "en",
    "updated": 0
  },
  {
    "id": "dd590d2f-08ba-4418-ad2b-2a704f82bba0",
    "data": [
      {
        "text": "When can I visit?",
        "userDefined": false
      }
    ],
    "isTemplate": false,
    "count": 0,
    "lang": "en",
    "updated": 0
  },
  {
    "id": "f8b77c94-a5f5-401b-be4c-a1d3400d2b7c",
    "data": [
      {
        "text": "What are your opening hours?",
        "userDefined": false
      }
    ],
    "isTemplate": false,
    "count": 0,
    "lang": "en",
    "updated": 0
  }
]