[
  {
    "id": "1e2b1efe-cd14-4e08-a3eb-657b868d87bc",
    "data": [
      {
        "text": "Reset password instructions, please.",
        "userDefined": false
      }
    ],
    "isTemplate": false,
    "count": 0,
    "lang": "en",
    "updated": 0
  },
  {
    "id": "124bbc18-5497-41a9-ab63-a9cb07e893dc",
    "data": [
      {
        "text": "Lost my password, need help.",
        "userDefined": false
      }
    ],
    "isTemplate": false,
    "count": 0,
    "lang": "en",
    "updated": 0
  },
  {
    "id": "24b7228b-7a2b-499f-a326-22398fe9ee18",
    "data": [
      {
        "text": "I can\u0027t access my account, how do I get a new password?",
        "userDefined": false
      }
    ],
    "isTemplate": false,
    "count": 0,
    "lang": "en",
    "updated": 0
  },
  {
    "id": "64b0acdc-94a9-4f29-8a7b-ed1b7a5a934c",
    "data": [
      {
        "text": "Can you assist with password reset?",
        "userDefined": false
      }
    ],
    "isTemplate": false,
    "count": 0,
    "lang": "en",
    "updated": 0
  },
  {
    "id": "ebc5f602-bde4-49d4-b467-9705f5a4b58f",
    "data": [
      {
        "text": "Help me change my password.",
        "userDefined": false
      }
    ],
    "isTemplate": false,
    "count": 0,
    "lang": "en",
    "updated": 0
  },
  {
    "id": "e3bf2ea2-0d3b-4105-9bb6-8e5aa7b93e03",
    "data": [
      {
        "text": "I forgot my login details, what can I do?",
        "userDefined": false
      }
    ],
    "isTemplate": false,
    "count": 0,
    "lang": "en",
    "updated": 0
  },
  {
    "id": "969b86fe-3b50-4622-92fd-743cf31ceb91",
    "data": [
      {
        "text": "How do I reset my password?",
        "userDefined": false
      }
    ],
    "isTemplate": false,
    "count": 0,
    "lang": "en",
    "updated": 0
  }
]